id,predicted_label
1488,SEKER
2611,BARBUNYA
749,SEKER
99,SEKER
11298,DERMASON
868,SEKER
5382,CALI
1491,SEKER
3813,BOMBAY
10659,DERMASON
12210,DERMASON
9419,SIRA
13549,SIRA
6452,HOROZ
10287,DERMASON
3635,BOMBAY
12216,DERMASON
9055,SIRA
2615,BARBUNYA
10086,DERMASON
5438,CALI
4684,CALI
6482,HOROZ
11189,DERMASON
3379,BOMBAY
410,SEKER
4395,CALI
10120,DERMASON
1430,SEKER
5437,CALI
6670,HOROZ
487,SEKER
937,SEKER
11266,DERMASON
6315,HOROZ
3467,BOMBAY
8638,SIRA
10304,DERMASON
1114,SEKER
6835,HOROZ
9976,SIRA
181,SEKER
1766,SEKER
2109,BARBUNYA
7219,HOROZ
8116,DERMASON
2487,BARBUNYA
10260,DERMASON
8724,SIRA
385,SEKER
9724,SEKER
3060,BARBUNYA
8075,SIRA
3082,BARBUNYA
6742,HOROZ
6875,HOROZ
7949,SIRA
11467,DERMASON
3615,BOMBAY
6927,HOROZ
3495,BOMBAY
13548,DERMASON
5701,HOROZ
1769,SEKER
7613,DERMASON
9505,SIRA
1433,SEKER
11531,DERMASON
6170,HOROZ
3647,BOMBAY
10363,DERMASON
6286,HOROZ
8197,SIRA
457,SEKER
7095,HOROZ
9619,SIRA
8358,SIRA
2055,BARBUNYA
12241,DERMASON
6153,HOROZ
9285,SIRA
10072,DERMASON
102,SEKER
2534,BARBUNYA
5860,HOROZ
12550,DERMASON
2128,BARBUNYA
10323,DERMASON
8398,SIRA
4365,CALI
3221,BARBUNYA
10298,DERMASON
6427,HOROZ
5858,HOROZ
7889,SIRA
3705,BOMBAY
13443,DERMASON
6357,HOROZ
12741,DERMASON
9159,SIRA
7713,SIRA
1482,SEKER
9432,SIRA
1650,SEKER
4256,CALI
1368,SEKER
6727,HOROZ
4028,BARBUNYA
8269,SIRA
11316,DERMASON
7550,SIRA
11599,DERMASON
8546,SIRA
1197,DERMASON
9906,SIRA
8614,SIRA
5835,HOROZ
8718,SIRA
2425,BARBUNYA
5071,CALI
10234,DERMASON
450,SEKER
11226,DERMASON
3107,BARBUNYA
9073,SIRA
7953,SIRA
2531,BARBUNYA
1261,SEKER
7978,SIRA
1579,SEKER
5883,HOROZ
12456,DERMASON
11233,DERMASON
11572,DERMASON
7051,HOROZ
7034,HOROZ
6214,HOROZ
5967,HOROZ
7144,HOROZ
3706,BOMBAY
5711,HOROZ
5324,CALI
8658,SIRA
8807,SIRA
2320,BARBUNYA
177,SEKER
1383,SEKER
9186,SIRA
4993,CALI
1626,SEKER
9970,SIRA
7229,HOROZ
7364,HOROZ
1175,SEKER
11993,DERMASON
360,SEKER
4029,CALI
10496,DERMASON
3526,BOMBAY
12366,DERMASON
10866,DERMASON
2087,BARBUNYA
9912,SIRA
4118,CALI
1953,SEKER
902,SEKER
1621,SEKER
8215,SIRA
5847,HOROZ
11514,DERMASON
169,SEKER
13245,SIRA
12135,DERMASON
5899,HOROZ
9750,SIRA
927,SEKER
624,SEKER
5030,CALI
4696,CALI
6051,HOROZ
63,SEKER
6929,HOROZ
10826,DERMASON
7903,SIRA
10031,SIRA
10264,DERMASON
7435,DERMASON
11076,DERMASON
7671,SIRA
12083,DERMASON
9533,SIRA
3065,CALI
455,DERMASON
7787,SIRA
8886,HOROZ
8596,SIRA
6818,HOROZ
1083,SEKER
8370,SIRA
11857,DERMASON
13050,DERMASON
8285,SIRA
8847,SIRA
6373,HOROZ
2525,BARBUNYA
9583,SIRA
4162,CALI
9607,SIRA
3070,BARBUNYA
13462,SIRA
795,SEKER
2714,BARBUNYA
2980,BARBUNYA
3550,BOMBAY
7828,SIRA
7061,HOROZ
13259,DERMASON
10728,DERMASON
10637,DERMASON
7290,HOROZ
6302,HOROZ
4244,CALI
4860,CALI
8198,SIRA
6145,HOROZ
2412,BARBUNYA
2267,BARBUNYA
168,SEKER
12659,DERMASON
7434,DERMASON
1006,SEKER
9169,SIRA
6209,HOROZ
10832,DERMASON
12208,DERMASON
9359,SIRA
1705,SEKER
4477,CALI
8879,SIRA
7187,HOROZ
12397,DERMASON
2095,SIRA
4226,CALI
10567,DERMASON
1328,SEKER
1086,SEKER
12657,DERMASON
4984,CALI
4127,CALI
9791,SIRA
10399,DERMASON
5740,HOROZ
7007,HOROZ
7153,HOROZ
10906,DERMASON
2334,CALI
13098,DERMASON
10820,DERMASON
862,SEKER
3921,HOROZ
12184,DERMASON
2701,BARBUNYA
5875,HOROZ
977,SEKER
353,SEKER
8994,SIRA
6931,HOROZ
10690,DERMASON
6182,HOROZ
2206,BARBUNYA
5824,HOROZ
11889,DERMASON
6096,HOROZ
10337,DERMASON
8470,SIRA
8183,DERMASON
4410,CALI
6292,HOROZ
13253,SIRA
747,SEKER
10865,DERMASON
12365,DERMASON
1512,SEKER
993,SEKER
12859,DERMASON
4100,CALI
5566,SIRA
6584,HOROZ
10360,DERMASON
3128,BARBUNYA
3231,BARBUNYA
3355,BOMBAY
12811,DERMASON
12045,DERMASON
7894,SIRA
11236,DERMASON
5140,CALI
5061,CALI
8447,SIRA
9434,SIRA
4533,CALI
8499,SIRA
7320,HOROZ
6162,HOROZ
10259,DERMASON
4048,CALI
10836,DERMASON
9740,SIRA
8063,SIRA
4246,CALI
2455,BARBUNYA
11937,DERMASON
6756,HOROZ
7136,HOROZ
10959,DERMASON
3463,BOMBAY
7040,HOROZ
5168,CALI
399,SEKER
4115,CALI
3143,BARBUNYA
11254,DERMASON
5664,SIRA
7369,HOROZ
8239,SIRA
11919,DERMASON
7975,SIRA
2227,BARBUNYA
10651,DERMASON
1002,SEKER
1688,SEKER
5667,HOROZ
6973,HOROZ
5183,CALI
1743,SEKER
1617,SEKER
1326,SEKER
11326,DERMASON
8760,SIRA
7510,DERMASON
9371,SIRA
4053,CALI
7284,HOROZ
10122,DERMASON
7042,HOROZ
6984,HOROZ
7317,HOROZ
8302,SIRA
4638,CALI
4093,CALI
6498,HOROZ
1684,SEKER
12162,DERMASON
11440,DERMASON
5234,CALI
11179,DERMASON
8098,SIRA
2039,SIRA
3299,CALI
8243,SIRA
2459,BARBUNYA
5196,CALI
7401,HOROZ
4231,CALI
6192,HOROZ
6532,HOROZ
10024,SIRA
7070,HOROZ
8479,SIRA
10942,DERMASON
3798,BOMBAY
6415,HOROZ
9706,SIRA
13386,SEKER
7220,HOROZ
1253,SEKER
5905,HOROZ
5716,SIRA
2848,BARBUNYA
3307,CALI
7660,HOROZ
1022,SEKER
6350,HOROZ
9825,SIRA
10237,DERMASON
8274,SIRA
9814,SIRA
1983,SIRA
8965,SIRA
12355,DERMASON
9930,SIRA
6827,HOROZ
3980,CALI
6618,HOROZ
6705,HOROZ
9141,SEKER
1795,SEKER
6794,HOROZ
10772,DERMASON
11731,DERMASON
9883,SIRA
8610,SIRA
7630,SIRA
10312,DERMASON
12960,DERMASON
11481,DERMASON
13427,DERMASON
9373,SIRA
1310,SEKER
6271,HOROZ
7450,DERMASON
13442,DERMASON
3290,BARBUNYA
9643,SIRA
5386,CALI
2692,BARBUNYA
3090,BARBUNYA
542,SEKER
3745,BOMBAY
8,SEKER
13110,DERMASON
12316,DERMASON
9712,SIRA
8124,SIRA
6872,HOROZ
2856,BARBUNYA
1562,SEKER
6954,CALI
12801,DERMASON
4602,CALI
4738,CALI
7078,HOROZ
2688,BARBUNYA
1954,SEKER
5120,CALI
10202,DERMASON
4914,CALI
5129,CALI
13153,DERMASON
11893,DERMASON
9542,SIRA
8979,SIRA
12745,SIRA
1085,SEKER
2351,BARBUNYA
8517,SIRA
5144,CALI
12019,DERMASON
533,SEKER
3477,BOMBAY
10378,DERMASON
7324,HOROZ
1599,SEKER
3919,CALI
3613,BOMBAY
6804,HOROZ
4089,CALI
772,SEKER
9612,SIRA
13011,DERMASON
5290,CALI
7286,HOROZ
10191,DERMASON
12487,DERMASON
8035,SIRA
4863,CALI
12380,DERMASON
12591,DERMASON
5494,CALI
12402,DERMASON
11811,DERMASON
7775,DERMASON
11058,DERMASON
9690,SIRA
10625,DERMASON
4240,CALI
811,SEKER
9757,SIRA
12884,DERMASON
1358,SEKER
6496,HOROZ
4822,CALI
586,SEKER
6597,HOROZ
13033,DERMASON
4417,CALI
5639,HOROZ
11012,DERMASON
1945,SEKER
2955,BARBUNYA
2417,BARBUNYA
12143,DERMASON
13185,DERMASON
2589,BARBUNYA
10113,DERMASON
13420,DERMASON
304,SEKER
7341,HOROZ
8200,SIRA
7458,DERMASON
9161,SIRA
311,SEKER
900,SEKER
3585,BOMBAY
7838,SIRA
4948,CALI
1078,SEKER
8346,SIRA
3753,BOMBAY
6148,HOROZ
6041,HOROZ
2144,BARBUNYA
10645,DERMASON
11821,DERMASON
13174,DERMASON
12417,DERMASON
7627,SIRA
3422,BOMBAY
11153,DERMASON
8170,SIRA
12802,DERMASON
10007,SIRA
3485,BOMBAY
3860,BOMBAY
9205,SIRA
12033,DERMASON
3851,BOMBAY
10877,DERMASON
7735,SIRA
248,SEKER
8998,SIRA
2948,BARBUNYA
5107,CALI
4716,CALI
2034,BARBUNYA
3684,BOMBAY
12575,DERMASON
1655,SEKER
518,SEKER
70,SEKER
2348,BARBUNYA
9892,SIRA
1697,SEKER
11079,DERMASON
3752,BOMBAY
3079,BARBUNYA
12645,DERMASON
2117,BARBUNYA
4168,CALI
3000,BARBUNYA
8769,SIRA
5436,CALI
7475,SIRA
1475,SEKER
8478,SIRA
12046,DERMASON
10114,DERMASON
5559,HOROZ
12684,DERMASON
10452,DERMASON
1385,SEKER
4509,CALI
4688,CALI
4901,CALI
1783,SEKER
11345,DERMASON
1602,SEKER
9577,SIRA
2609,BARBUNYA
13215,SIRA
1606,SEKER
4320,BARBUNYA
9997,SIRA
13288,DERMASON
10701,DERMASON
11944,DERMASON
217,SEKER
9221,SIRA
13482,SIRA
11580,DERMASON
608,SEKER
4708,CALI
6418,HOROZ
2366,BARBUNYA
1730,SEKER
10449,DERMASON
6436,HOROZ
10375,DERMASON
184,SEKER
9081,SIRA
3492,BOMBAY
11839,DERMASON
3532,BOMBAY
11317,DERMASON
8261,SIRA
12238,DERMASON
7738,SIRA
4075,CALI
6061,HOROZ
2924,BARBUNYA
592,SEKER
6421,HOROZ
218,SEKER
3946,CALI
13088,DERMASON
4024,BARBUNYA
12248,DERMASON
4667,CALI
2157,BARBUNYA
4202,CALI
8731,SIRA
4609,CALI
11899,DERMASON
4829,CALI
7877,SIRA
8131,SIRA
12622,DERMASON
1225,SEKER
8882,SIRA
6983,HOROZ
8065,SIRA
4900,CALI
13112,DERMASON
4220,CALI
7142,HOROZ
4295,CALI
8204,SIRA
4281,CALI
9443,SIRA
13091,DERMASON
3592,BOMBAY
3608,BOMBAY
13563,SIRA
2183,BARBUNYA
12896,DERMASON
6964,HOROZ
6072,HOROZ
9303,SIRA
13537,SIRA
9688,SIRA
11532,DERMASON
4981,CALI
7388,HOROZ
9296,SIRA
10119,DERMASON
7773,SIRA
5337,CALI
4436,CALI
7810,SIRA
12253,DERMASON
113,SEKER
6798,HOROZ
1393,SEKER
9778,SIRA
7795,DERMASON
11953,DERMASON
12080,DERMASON
1010,SEKER
35,SEKER
12090,DERMASON
5496,CALI
47,SEKER
11158,DERMASON
4793,CALI
7425,HOROZ
11378,DERMASON
5474,CALI
11822,DERMASON
8904,SIRA
12540,DERMASON
3184,BARBUNYA
6877,HOROZ
1844,SIRA
7675,SIRA
12369,DERMASON
8778,SIRA
6189,HOROZ
5768,HOROZ
8254,SIRA
7685,SIRA
12564,DERMASON
9402,SIRA
7741,DERMASON
5098,CALI
5263,CALI
6225,HOROZ
8845,SIRA
10691,DERMASON
5924,HOROZ
10418,DERMASON
8489,SIRA
8403,SIRA
13263,DERMASON
4705,CALI
11784,DERMASON
9544,SIRA
9628,SIRA
884,SEKER
538,SEKER
2919,BARBUNYA
9694,SIRA
10417,DERMASON
9632,SIRA
10388,DERMASON
2876,BARBUNYA
1713,SEKER
3111,BARBUNYA
9616,SIRA
4463,CALI
2554,BARBUNYA
13097,DERMASON
9736,SIRA
10358,DERMASON
7794,SIRA
7233,HOROZ
8140,SIRA
11518,DERMASON
7195,HOROZ
3017,BARBUNYA
9674,SIRA
12058,DERMASON
4540,CALI
12247,DERMASON
10430,DERMASON
2527,BARBUNYA
12902,DERMASON
6264,HOROZ
9316,SIRA
3421,BOMBAY
379,SEKER
9252,SIRA
12311,DERMASON
5148,CALI
8672,SIRA
11863,DERMASON
10214,DERMASON
8060,SIRA
6196,HOROZ
1534,SEKER
2122,SIRA
5554,HOROZ
2616,BARBUNYA
1373,SEKER
8993,SIRA
7410,HOROZ
10973,DERMASON
6478,HOROZ
4325,CALI
3751,BOMBAY
9754,SIRA
8813,SIRA
11841,DERMASON
7030,HOROZ
1061,SEKER
10071,DERMASON
4851,CALI
4953,CALI
6234,HOROZ
167,SEKER
290,SEKER
3855,BOMBAY
3842,BOMBAY
10798,DERMASON
8317,SIRA
5964,HOROZ
8634,SIRA
7466,DERMASON
2816,BARBUNYA
12731,DERMASON
10475,DERMASON
10888,DERMASON
7529,DERMASON
11286,DERMASON
9926,SIRA
2119,SIRA
4936,CALI
8165,SIRA
10920,DERMASON
5537,HOROZ
7089,HOROZ
8939,SIRA
8278,SIRA
3821,BOMBAY
9187,SIRA
13354,DERMASON
7711,DERMASON
4862,CALI
4128,CALI
7640,SIRA
9033,SIRA
247,SEKER
6883,SIRA
2036,BARBUNYA
6734,HOROZ
13456,SIRA
8819,SIRA
9784,SIRA
8337,SIRA
12545,DERMASON
12640,DERMASON
8678,SIRA
511,SEKER
4974,CALI
6044,HOROZ
2596,BARBUNYA
6522,HOROZ
2859,BARBUNYA
11509,DERMASON
3902,CALI
8496,SIRA
9178,SIRA
7315,HOROZ
2512,BARBUNYA
1372,SEKER
11255,DERMASON
7224,HOROZ
9858,SIRA
10783,DERMASON
135,SEKER
7732,DERMASON
3068,BARBUNYA
11733,DERMASON
4397,CALI
1297,SEKER
12423,DERMASON
4129,CALI
6762,HOROZ
4217,CALI
8288,SIRA
13566,SIRA
2400,BARBUNYA
1662,SEKER
2145,BARBUNYA
8720,SIRA
11492,DERMASON
11962,DERMASON
4394,CALI
3702,BOMBAY
4877,CALI
7991,SIRA
41,SEKER
5022,CALI
3025,BARBUNYA
10411,DERMASON
13498,SIRA
9525,SIRA
4111,CALI
6138,HOROZ
5459,CALI
2271,BARBUNYA
11294,DERMASON
4982,CALI
13406,DERMASON
12512,DERMASON
9136,SIRA
1107,SEKER
12862,DERMASON
7559,DERMASON
13303,SIRA
3652,BOMBAY
9319,SIRA
12998,DERMASON
12450,DERMASON
13455,DERMASON
7391,HOROZ
7772,SIRA
7727,SIRA
3409,BOMBAY
833,SEKER
8067,SIRA
4015,CALI
3059,BARBUNYA
872,SEKER
5582,HOROZ
4896,CALI
1453,SEKER
5531,HOROZ
1457,SEKER
8054,SIRA
9613,SIRA
12035,DERMASON
1346,SEKER
2201,SIRA
5960,HOROZ
5503,HOROZ
12120,DERMASON
10458,DERMASON
284,SEKER
1965,SEKER
7301,HOROZ
2929,BARBUNYA
10649,DERMASON
8579,SIRA
2680,BARBUNYA
5123,CALI
173,SEKER
13529,SIRA
2020,SEKER
13084,SIRA
3434,BOMBAY
4094,CALI
4313,CALI
6556,HOROZ
720,SEKER
6346,HOROZ
6440,HOROZ
2301,BARBUNYA
8163,SIRA
9746,SIRA
13178,SIRA
8510,SIRA
7110,HOROZ
11884,DERMASON
8171,SIRA
6084,HOROZ
11602,DERMASON
3780,BOMBAY
9261,SIRA
8947,SIRA
9839,SIRA
12803,DERMASON
9210,SIRA
12409,DERMASON
13564,SIRA
7855,SIRA
8374,SIRA
11582,DERMASON
2807,BARBUNYA
1039,SEKER
2439,BARBUNYA
6959,HOROZ
9230,SIRA
5990,HOROZ
12388,DERMASON
3105,BARBUNYA
2753,BARBUNYA
11384,DERMASON
4105,CALI
7360,HOROZ
7068,HOROZ
10280,DERMASON
5945,HOROZ
8951,SIRA
11078,DERMASON
1483,SEKER
12025,DERMASON
13325,SIRA
3988,CALI
8229,SIRA
6978,HOROZ
9066,SIRA
8223,SIRA
6193,HOROZ
11618,DERMASON
8205,SIRA
119,SEKER
7038,HOROZ
3210,BARBUNYA
7066,HOROZ
4296,CALI
9981,SIRA
5350,CALI
10799,DERMASON
9578,SIRA
8607,SIRA
468,SEKER
13222,DERMASON
5270,CALI
4521,CALI
12835,DERMASON
4077,CALI
9982,SIRA
657,SEKER
5278,CALI
4905,BARBUNYA
11925,DERMASON
1880,SEKER
3204,BARBUNYA
12672,DERMASON
4382,CALI
2477,BARBUNYA
3708,BOMBAY
12001,DERMASON
7920,DERMASON
12603,DERMASON
11002,DERMASON
13378,SIRA
704,SEKER
4622,CALI
9318,SIRA
5725,HOROZ
1921,SEKER
357,SEKER
4194,CALI
3328,BARBUNYA
10299,DERMASON
1470,SEKER
8460,SIRA
7873,DERMASON
150,SEKER
2182,BARBUNYA
431,SEKER
6497,HOROZ
7313,HOROZ
2954,BARBUNYA
10990,DERMASON
5980,HOROZ
6594,HOROZ
3465,BOMBAY
2081,BARBUNYA
2189,BARBUNYA
11216,DERMASON
10972,DERMASON
11502,DERMASON
13126,DERMASON
8806,SIRA
7720,DERMASON
11960,DERMASON
3519,BOMBAY
7704,SIRA
10970,DERMASON
11900,DERMASON
3154,BARBUNYA
12595,DERMASON
1213,SEKER
5130,CALI
3623,BOMBAY
10891,DERMASON
2067,SIRA
8985,SEKER
3963,CALI
7625,DERMASON
2312,BARBUNYA
6887,HOROZ
4457,CALI
6282,HOROZ
1351,SEKER
13299,DERMASON
7556,DERMASON
7496,DERMASON
2988,BARBUNYA
33,SEKER
5272,CALI
12687,DERMASON
13603,SIRA
2357,BARBUNYA
9332,SIRA
7248,HOROZ
925,SEKER
12798,DERMASON
9987,SIRA
908,SEKER
5657,HOROZ
4374,CALI
4454,CALI
4392,CALI
2342,BARBUNYA
1586,SEKER
5224,CALI
9313,SIRA
13607,DERMASON
764,SEKER
3386,BOMBAY
5532,HOROZ
2676,CALI
6987,HOROZ
2677,BARBUNYA
5703,HOROZ
978,SEKER
13355,DERMASON
50,SEKER
13559,SIRA
12036,DERMASON
4353,CALI
5328,CALI
9857,SIRA
4292,CALI
8525,SIRA
5118,CALI
8416,SIRA
13218,DERMASON
1964,BARBUNYA
12696,DERMASON
9484,SIRA
12641,DERMASON
11648,DERMASON
8291,SIRA
3546,BOMBAY
4810,CALI
5900,HOROZ
5380,CALI
5942,HOROZ
396,SEKER
12314,SIRA
7416,HOROZ
4750,CALI
10897,DERMASON
2655,BARBUNYA
9368,SIRA
9815,SIRA
930,SEKER
817,SEKER
434,SEKER
8875,SIRA
1035,SIRA
4484,CALI
11318,DERMASON
3975,CALI
200,SEKER
1121,SEKER
3043,BARBUNYA
3314,BARBUNYA
251,SEKER
1634,SEKER
8744,SIRA
9090,SIRA
7964,SIRA
4963,CALI
3989,CALI
3680,BOMBAY
1139,SEKER
10141,DERMASON
149,SEKER
13192,DERMASON
1217,SEKER
10419,DERMASON
9606,SIRA
1530,SEKER
9365,SIRA
763,SEKER
9543,SIRA
3844,BOMBAY
12252,DERMASON
8188,SIRA
3889,BARBUNYA
1659,SEKER
6948,HOROZ
9545,SIRA
3694,BOMBAY
10308,DERMASON
13609,SIRA
2595,BARBUNYA
10741,DERMASON
83,SEKER
8608,SIRA
11319,DERMASON
1683,SEKER
8606,SIRA
10683,DERMASON
12153,DERMASON
429,SEKER
7514,DERMASON
5375,CALI
6066,HOROZ
11065,DERMASON
1402,DERMASON
7093,HOROZ
9571,SIRA
13331,DERMASON
293,DERMASON
5364,CALI
2435,CALI
10444,DERMASON
637,SEKER
9249,SIRA
653,SEKER
6825,HOROZ
2444,BARBUNYA
13538,SEKER
6462,HOROZ
4069,CALI
7013,BARBUNYA
4629,CALI
8369,SIRA
4731,CALI
4791,CALI
10349,DERMASON
12938,SIRA
8558,SIRA
8466,HOROZ
103,SEKER
2628,BARBUNYA
1157,SEKER
3297,BARBUNYA
10806,DERMASON
2270,SEKER
3187,BARBUNYA
13294,SIRA
9413,SIRA
647,SEKER
6706,HOROZ
5125,CALI
10184,DERMASON
10610,DERMASON
5019,CALI
8997,SIRA
5006,CALI
9595,SIRA
5466,CALI
12435,DERMASON
12401,DERMASON
543,SEKER
3509,BOMBAY
12449,DERMASON
12476,DERMASON
9220,SIRA
8359,SIRA
12191,DERMASON
6499,HOROZ
2167,BARBUNYA
741,SEKER
6133,HOROZ
7963,SIRA
15,SEKER
8961,SIRA
6561,HOROZ
3857,BOMBAY
9416,SIRA
3938,CALI
2019,BARBUNYA
7791,SIRA
6595,HOROZ
9548,SIRA
714,SEKER
5512,HOROZ
2662,BARBUNYA
12538,DERMASON
4190,CALI
2452,BARBUNYA
12459,DERMASON
8660,SIRA
11273,DERMASON
839,DERMASON
2303,BARBUNYA
12193,DERMASON
3614,BOMBAY
3573,BOMBAY
4754,CALI
7120,HOROZ
1320,SEKER
9355,SIRA
10941,DERMASON
744,SEKER
932,SEKER
1142,SEKER
12818,SIRA
13312,SIRA
5376,CALI
10843,DERMASON
9868,SIRA
2456,BARBUNYA
7562,SIRA
8756,SIRA
12970,SIRA
10101,DERMASON
530,SEKER
1516,SEKER
7387,BARBUNYA
12738,DERMASON
5489,CALI
8111,SIRA
12111,DERMASON
3858,BOMBAY
8949,SIRA
5635,HOROZ
2177,BARBUNYA
6760,HOROZ
7149,HOROZ
2952,BARBUNYA
8117,SIRA
8180,SIRA
895,SEKER
11398,DERMASON
13338,DERMASON
828,SEKER
10840,DERMASON
1226,SEKER
2998,BARBUNYA
1791,SEKER
11519,DERMASON
13532,DERMASON
5504,HOROZ
12737,DERMASON
4960,CALI
535,SEKER
8955,SIRA
7019,HOROZ
7100,HOROZ
2407,BARBUNYA
12146,DERMASON
8330,SIRA
6083,HOROZ
4672,CALI
1178,SEKER
3660,BOMBAY
4250,CALI
6630,HOROZ
5841,HOROZ
3063,BARBUNYA
4843,CALI
3482,BOMBAY
2254,BARBUNYA
6174,HOROZ
1043,SEKER
13379,DERMASON
3100,BARBUNYA
373,DERMASON
5032,CALI
7608,SIRA
12652,DERMASON
1623,SEKER
2485,BARBUNYA
5836,HOROZ
10465,DERMASON
11263,DERMASON
3909,CALI
1489,SEKER
11099,DERMASON
7890,DERMASON
4691,CALI
11283,DERMASON
10014,SIRA
2664,BARBUNYA
2215,BARBUNYA
12453,DERMASON
185,SEKER
13441,SIRA
6750,HOROZ
9937,SIRA
12231,DERMASON
7405,HOROZ
10310,DERMASON
1978,SEKER
6194,HOROZ
10730,DERMASON
12716,DERMASON
11770,DERMASON
10068,DERMASON
5202,CALI
11077,DERMASON
3877,SEKER
11971,DERMASON
2582,BARBUNYA
13020,DERMASON
3746,BOMBAY
2319,BARBUNYA
3703,BOMBAY
3341,BARBUNYA
4501,CALI
2495,BARBUNYA
6693,HOROZ
2673,BARBUNYA
4336,CALI
8530,SIRA
1236,SEKER
4999,CALI
3325,BARBUNYA
4058,CALI
10814,DERMASON
676,SEKER
5756,HOROZ
10708,DERMASON
11719,DERMASON
11958,DERMASON
921,SEKER
13466,DERMASON
1182,SEKER
2760,BARBUNYA
2012,SEKER
221,SEKER
9618,SIRA
1327,SEKER
4830,BARBUNYA
4635,CALI
7018,HOROZ
9099,SIRA
8552,SIRA
10984,DERMASON
8644,SIRA
333,SEKER
8145,SIRA
11651,DERMASON
6505,HOROZ
4139,BARBUNYA
6613,HOROZ
2390,BARBUNYA
2900,BARBUNYA
1739,SEKER
8336,SIRA
11831,DERMASON
9406,SIRA
5613,HOROZ
12852,DERMASON
2323,BARBUNYA
8697,SIRA
11851,DERMASON
9498,SIRA
8762,SIRA
9142,SIRA
7438,DERMASON
724,SEKER
8167,SIRA
13269,SIRA
4096,CALI
6662,HOROZ
5479,CALI
9536,SIRA
10235,DERMASON
3295,BARBUNYA
447,SEKER
10596,DERMASON
5751,HOROZ
9272,SIRA
4881,CALI
8814,SIRA
4504,CALI
9403,SIRA
7107,HOROZ
5743,HOROZ
7669,DERMASON
683,SEKER
3411,BOMBAY
12698,DERMASON
875,SEKER
10254,DERMASON
10062,HOROZ
9468,SIRA
13487,DERMASON
4012,CALI
13152,DERMASON
11311,DERMASON
6935,HOROZ
5312,CALI
9425,SIRA
9699,SIRA
914,SEKER
6861,HOROZ
12806,DERMASON
7722,SIRA
4722,CALI
5844,HOROZ
6649,HOROZ
4393,CALI
12973,DERMASON
11529,DERMASON
8494,SIRA
12897,DERMASON
4184,CALI
13257,DERMASON
2058,BARBUNYA
1237,SEKER
5857,HOROZ
7484,DERMASON
101,DERMASON
9798,SIRA
7836,DERMASON
6967,CALI
5508,HOROZ
9199,SIRA
1355,SEKER
979,SEKER
1799,SEKER
2325,BARBUNYA
3275,BARBUNYA
12868,DERMASON
3528,BOMBAY
1493,SEKER
10266,DERMASON
1153,SEKER
907,SEKER
12266,DERMASON
3595,BOMBAY
1323,SEKER
8929,SIRA
1989,SEKER
9117,SIRA
7377,HOROZ
3508,BOMBAY
10650,DERMASON
10780,DERMASON
8827,SIRA
3542,BOMBAY
11035,DERMASON
6492,HOROZ
9609,SIRA
7440,DERMASON
5804,HOROZ
5952,HOROZ
4148,CALI
19,SEKER
1593,SEKER
10956,DERMASON
2578,BARBUNYA
7251,HOROZ
6765,HOROZ
6108,HOROZ
321,SEKER
7459,DERMASON
2375,BARBUNYA
7228,HOROZ
13075,DERMASON
7471,DERMASON
11904,DERMASON
10420,DERMASON
12721,SIRA
10607,DERMASON
8816,SIRA
6641,HOROZ
12096,DERMASON
263,SEKER
5749,HOROZ
4816,CALI
4921,CALI
6517,HOROZ
9663,SIRA
12123,DERMASON
3704,BOMBAY
8972,SIRA
473,SEKER
4398,CALI
6605,HOROZ
3950,CALI
11235,DERMASON
3120,BARBUNYA
6017,HOROZ
3679,BOMBAY
2777,BARBUNYA
1418,SEKER
8701,SIRA
2913,BARBUNYA
11556,DERMASON
7406,HOROZ
7207,HOROZ
6021,HOROZ
1665,BARBUNYA
11417,DERMASON
1575,SEKER
3011,BARBUNYA
12707,DERMASON
8862,SIRA
12225,DERMASON
1247,SEKER
4746,CALI
2085,BARBUNYA
3131,BARBUNYA
8400,SIRA
5271,CALI
6143,HOROZ
12992,DERMASON
13141,DERMASON
4084,CALI
850,SEKER
6290,HOROZ
12466,DERMASON
5598,HOROZ
5933,HOROZ
8265,SIRA
11256,DERMASON
11331,DERMASON
7191,HOROZ
4342,CALI
11280,DERMASON
10187,DERMASON
13160,SEKER
1768,SEKER
3069,BARBUNYA
967,SEKER
13302,DERMASON
1935,BARBUNYA
2264,BARBUNYA
8531,SIRA
95,SEKER
13062,DERMASON
9597,SIRA
10588,DERMASON
7974,DERMASON
9864,SIRA
7163,HOROZ
59,SEKER
7803,SIRA
3678,BOMBAY
5046,CALI
10655,DERMASON
13311,DERMASON
9837,SIRA
2448,CALI
2337,BARBUNYA
1701,SEKER
461,SEKER
2865,BARBUNYA
5687,HOROZ
13542,SIRA
2054,SIRA
3643,BOMBAY
5519,SIRA
5226,CALI
2124,BARBUNYA
11110,DERMASON
12037,DERMASON
3794,BOMBAY
398,SEKER
7590,DERMASON
12962,DERMASON
11501,DERMASON
327,SEKER
10609,DERMASON
1053,SEKER
8695,SIRA
9360,SIRA
3244,BARBUNYA
4064,CALI
4826,CALI
10967,DERMASON
1807,SEKER
6186,HOROZ
8147,SIRA
330,SEKER
8121,SIRA
12494,DERMASON
9488,SIRA
613,SEKER
1282,SEKER
7820,SIRA
9209,SIRA
11625,DERMASON
14,SEKER
8791,SIRA
4233,CALI
4985,CALI
2769,BARBUNYA
9245,SIRA
2478,BARBUNYA
3166,CALI
9378,SIRA
611,SEKER
11364,DERMASON
7532,DERMASON
12240,DERMASON
10221,DERMASON
3692,BOMBAY
11702,DERMASON
7990,DERMASON
5284,CALI
6248,HOROZ
13066,DERMASON
2656,BARBUNYA
5640,HOROZ
13565,SIRA
6572,HOROZ
4407,CALI
11590,DERMASON
7781,SIRA
7908,SIRA
3031,BARBUNYA
6866,HOROZ
3366,BOMBAY
4112,CALI
2507,BARBUNYA
970,SEKER
9228,SIRA
2471,BARBUNYA
2069,BARBUNYA
8339,SIRA
12451,DERMASON
4269,BARBUNYA
9535,SIRA
2388,BARBUNYA
10962,DERMASON
11196,DERMASON
7841,SIRA
12094,DERMASON
7762,SIRA
5781,HOROZ
8459,SIRA
6945,HOROZ
4257,CALI
2805,BARBUNYA
1740,SEKER
13557,SIRA
8506,SIRA
8271,SIRA
10762,DERMASON
13195,DERMASON
1744,SEKER
10484,DERMASON
12157,DERMASON
11781,DERMASON
1166,SEKER
3819,BOMBAY
2021,BARBUNYA
12113,DERMASON
12817,DERMASON
6431,HOROZ
5001,CALI
12860,DERMASON
4663,CALI
6243,HOROZ
7298,HOROZ
11936,DERMASON
9287,SIRA
1111,SIRA
9582,SIRA
708,SEKER
10508,DERMASON
7702,DERMASON
4411,CALI
10051,HOROZ
12174,DERMASON
9915,SIRA
1347,SEKER
8076,SIRA
8424,SIRA
4879,CALI
3351,BOMBAY
10694,DERMASON
1208,SEKER
8534,SIRA
424,SEKER
554,SEKER
944,SEKER
12341,DERMASON
8413,SIRA
6657,HOROZ
5921,HOROZ
4462,BARBUNYA
7960,SIRA
4606,CALI
6092,HOROZ
10140,DERMASON
9148,SIRA
7588,DERMASON
10539,DERMASON
4387,CALI
10335,DERMASON
10860,DERMASON
573,SEKER
3441,BOMBAY
1984,BARBUNYA
3478,BOMBAY
3499,BOMBAY
6050,HOROZ
4308,CALI
5363,CALI
2874,BARBUNYA
3942,CALI
6405,HOROZ
1957,SEKER
7252,HOROZ
11243,DERMASON
68,SEKER
11097,DERMASON
10884,DERMASON
12214,DERMASON
2009,SIRA
12804,DERMASON
2232,BARBUNYA
7265,HOROZ
4333,CALI
6330,HOROZ
12978,DERMASON
12751,DERMASON
1595,SEKER
12989,DERMASON
6896,HOROZ
11301,DERMASON
3527,BOMBAY
4122,CALI
732,SEKER
245,SEKER
4549,CALI
9669,SIRA
12408,DERMASON
7436,DERMASON
10581,DERMASON
2788,BARBUNYA
4739,CALI
7182,HOROZ
2536,CALI
11232,DERMASON
7749,SIRA
6743,HOROZ
673,SEKER
7539,SIRA
5632,HOROZ
4375,CALI
12742,DERMASON
476,SEKER
10095,DERMASON
11181,DERMASON
4081,CALI
9440,SIRA
9565,SIRA
5013,CALI
8231,SIRA
1611,SEKER
6575,HOROZ
3312,BARBUNYA
12785,DERMASON
1508,SEKER
6377,HOROZ
1350,SEKER
7198,HOROZ
2910,BARBUNYA
5771,HOROZ
9646,SIRA
7936,SEKER
6918,HOROZ
9234,SIRA
13539,DERMASON
4125,CALI
812,SEKER
12627,DERMASON
8550,SIRA
10029,SIRA
6088,HOROZ
4165,CALI
10802,DERMASON
3013,BARBUNYA
7757,SIRA
9992,SIRA
5985,HOROZ
9029,SIRA
6029,HOROZ
1427,SEKER
2405,BARBUNYA
7356,CALI
2766,BARBUNYA
7578,SIRA
3045,BARBUNYA
8515,SIRA
1413,SEKER
114,SEKER
6037,HOROZ
2704,BARBUNYA
13486,SIRA
9030,SIRA
230,SEKER
9747,SIRA
7599,DERMASON
6842,HOROZ
7635,DERMASON
2796,BARBUNYA
4659,CALI
6011,HOROZ
1520,SEKER
6181,HOROZ
3208,BARBUNYA
3116,BARBUNYA
214,SEKER
4783,CALI
13082,DERMASON
4098,CALI
12084,DERMASON
10126,DERMASON
6167,HOROZ
4730,CALI
696,SEKER
6400,HOROZ
9758,SIRA
6523,HOROZ
6720,HOROZ
11433,DERMASON
11275,DERMASON
11545,DERMASON
3656,BOMBAY
11134,DERMASON
10712,DERMASON
9354,SIRA
2619,CALI
11094,DERMASON
5723,SIRA
4010,CALI
1923,SIRA
13149,SIRA
6580,HOROZ
3015,BARBUNYA
5117,CALI
736,SEKER
5785,HOROZ
11388,DERMASON
13061,DERMASON
6466,HOROZ
10146,DERMASON
3323,BARBUNYA
11828,DERMASON
4209,CALI
2802,BARBUNYA
10261,DERMASON
8349,SIRA
3540,BOMBAY
7333,HOROZ
1747,SEKER
1498,SEKER
5292,CALI
3501,BOMBAY
8651,SIRA
4850,CALI
13148,DERMASON
11402,DERMASON
2798,BARBUNYA
31,SEKER
8196,DERMASON
3785,BOMBAY
8504,SIRA
10409,DERMASON
3834,BOMBAY
12013,DERMASON
5206,CALI
4237,CALI
12406,DERMASON
9920,SIRA
12086,DERMASON
12866,DERMASON
3251,BARBUNYA
2984,BARBUNYA
483,SEKER
9379,SIRA
13437,DERMASON
2974,BARBUNYA
8253,SIRA
4265,CALI
8450,SIRA
9336,SIRA
13500,DERMASON
2150,BARBUNYA
6724,HOROZ
11941,DERMASON
2029,SEKER
6879,HOROZ
10624,DERMASON
5425,CALI
5195,CALI
2894,BARBUNYA
13436,SIRA
5763,HOROZ
5862,HOROZ
8665,SIRA
5707,HOROZ
9665,SIRA
12317,DERMASON
299,SEKER
13064,DERMASON
3193,BARBUNYA
1408,SEKER
1722,SEKER
2818,BARBUNYA
7376,HOROZ
2002,SEKER
9695,SEKER
3948,CALI
1414,SEKER
2236,BARBUNYA
499,SEKER
668,SEKER
13416,DERMASON
7077,HOROZ
6552,HOROZ
6253,HOROZ
1580,SEKER
11482,DERMASON
12188,DERMASON
2746,BARBUNYA
5286,CALI
5620,HOROZ
7492,DERMASON
303,SEKER
6562,HOROZ
11597,DERMASON
1018,SEKER
11418,DERMASON
10944,DERMASON
6475,HOROZ
1786,SEKER
2184,BARBUNYA
4447,CALI
6714,HOROZ
6607,HOROZ
5957,HOROZ
10747,DERMASON
9893,SIRA
9394,SIRA
12513,DERMASON
9846,SIRA
5572,HOROZ
13164,DERMASON
5834,HOROZ
4299,CALI
3194,BARBUNYA
3846,BOMBAY
4526,CALI
11387,DERMASON
13136,DERMASON
8854,SIRA
4412,CALI
2483,BARBUNYA
2995,BARBUNYA
8446,SIRA
10243,DERMASON
4337,CALI
3037,BARBUNYA
1068,SEKER
13377,DERMASON
8803,SIRA
5908,HOROZ
12561,DERMASON
9969,SIRA
11031,DERMASON
6105,HOROZ
13220,SIRA
8948,SIRA
553,SEKER
12287,DERMASON
10092,DERMASON
11732,DERMASON
6178,HOROZ
465,SEKER
6870,HOROZ
1720,SEKER
2698,BARBUNYA
10577,DERMASON
2420,BARBUNYA
8641,SIRA
7261,HOROZ
7442,DERMASON
10477,DERMASON
12979,DERMASON
7336,HOROZ
6161,HOROZ
9213,SIRA
11860,DERMASON
9395,SIRA
4834,CALI
3707,BOMBAY
9774,SIRA
6277,HOROZ
420,SEKER
10665,DERMASON
2629,BARBUNYA
6252,HOROZ
8221,SIRA
1496,SEKER
1047,SEKER
10565,DERMASON
7664,SIRA
856,SEKER
8926,SIRA
3146,BARBUNYA
6817,HOROZ
12251,DERMASON
11270,DERMASON
11767,DERMASON
7924,SIRA
5465,CALI
6335,HOROZ
820,SEKER
1643,SEKER
6020,HOROZ
10572,DERMASON
107,DERMASON
367,SEKER
8283,SIRA
8983,SIRA
3522,BOMBAY
3424,BOMBAY
2442,BARBUNYA
9058,SIRA
5034,CALI
7216,HOROZ
6206,HOROZ
3316,BARBUNYA
510,SEKER
700,SEKER
13476,SIRA
11048,DERMASON
1277,SEKER
9420,SIRA
4201,CALI
39,SEKER
11489,DERMASON
11288,DERMASON
3837,BOMBAY
2344,CALI
12398,DERMASON
6839,HOROZ
12099,DERMASON
3668,BOMBAY
9603,SIRA
4004,CALI
346,DERMASON
3852,BOMBAY
4026,CALI
474,SEKER
12903,DERMASON
11574,DERMASON
12171,DERMASON
12293,DERMASON
11921,DERMASON
6515,HOROZ
7551,DERMASON
11371,DERMASON
5304,CALI
971,SEKER
5584,HOROZ
11131,DERMASON
5079,CALI
12382,DERMASON
13344,SIRA
1201,SEKER
6369,HOROZ
36,SEKER
5589,HOROZ
4665,CALI
11827,DERMASON
11004,DERMASON
7145,HOROZ
9629,SIRA
12499,DERMASON
13594,DERMASON
11963,DERMASON
1288,SEKER
7881,SIRA
13165,DERMASON
3024,BARBUNYA
1746,SEKER
2966,BARBUNYA
3305,BARBUNYA
9315,SIRA
6216,HOROZ
9630,SIRA
11805,DERMASON
11192,DERMASON
2308,CALI
6830,HOROZ
210,DERMASON
1950,SEKER
651,SEKER
1396,SEKER
11504,DERMASON
6074,HOROZ
3014,BARBUNYA
1670,SEKER
3570,BOMBAY
11667,DERMASON
9875,SIRA
9683,SIRA
3859,BOMBAY
13205,DERMASON
9222,SIRA
484,SEKER
898,SEKER
1732,SEKER
4682,CALI
6485,HOROZ
10149,DERMASON
10472,DERMASON
1250,SEKER
6703,HOROZ
4102,CALI
13531,SIRA
8888,SIRA
11456,DERMASON
5830,HOROZ
13093,DERMASON
582,SEKER
6977,HOROZ
9844,SIRA
3315,BARBUNYA
9441,SIRA
762,SEKER
4972,CALI
1870,SEKER
11421,DERMASON
5044,CALI
9599,SIRA
738,SEKER
7268,HOROZ
6520,HOROZ
3578,BOMBAY
13523,SIRA
9421,SIRA
6385,HOROZ
2771,BARBUNYA
2957,BARBUNYA
750,SEKER
10872,DERMASON
7072,HOROZ
1839,SEKER
4480,CALI
1275,SEKER
6205,HOROZ
9193,SIRA
6747,HOROZ
9574,SIRA
3571,BOMBAY
13359,DERMASON
8545,SIRA
4807,CALI
5998,HOROZ
9479,SIRA
1369,SEKER
740,SEKER
9430,SIRA
10766,DERMASON
1188,SEKER
12201,DERMASON
6802,HOROZ
1570,SEKER
11172,DERMASON
12064,DERMASON
2127,BARBUNYA
11305,DERMASON
5643,HOROZ
1981,SEKER
3691,BOMBAY
2826,BARBUNYA
3658,BOMBAY
10057,SIRA
2057,BARBUNYA
5681,HOROZ
12588,DERMASON
2754,BARBUNYA
10638,DERMASON
10591,DERMASON
9453,SIRA
3447,BOMBAY
5399,CALI
2927,BARBUNYA
11525,DERMASON
7965,SIRA
13058,DERMASON
3169,BARBUNYA
5822,HOROZ
562,SEKER
9019,SIRA
5803,HOROZ
9993,SIRA
1669,SEKER
12152,DERMASON
11413,DERMASON
6258,HOROZ
2996,BARBUNYA
3971,CALI
11329,DERMASON
9038,SIRA
12437,DERMASON
10834,DERMASON
7507,DERMASON
12690,DERMASON
2310,BARBUNYA
180,SEKER
5221,CALI
3445,BOMBAY
2218,BARBUNYA
8382,SIRA
1955,SEKER
1057,SEKER
10387,DERMASON
8794,SIRA
1399,SEKER
9088,SIRA
4614,CALI
9573,SIRA
7308,HOROZ
3833,BOMBAY
3912,HOROZ
9085,SIRA
11745,DERMASON
1210,DERMASON
7808,SIRA
2909,BARBUNYA
2238,BARBUNYA
5219,CALI
11610,DERMASON
11985,DERMASON
4341,CALI
2899,BARBUNYA
6201,HOROZ
5549,HOROZ
5912,HOROZ
8934,SIRA
6378,HOROZ
1434,SEKER
13593,SEKER
92,SEKER
7150,HOROZ
9818,SIRA
9733,SIRA
12081,DERMASON
5165,CALI
6152,HOROZ
6220,HOROZ
12876,DERMASON
10085,DERMASON
6699,HOROZ
13425,SIRA
9880,SIRA
1084,SEKER
428,SEKER
12485,DERMASON
5070,CALI
6018,HOROZ
9878,SIRA
3800,BOMBAY
9999,SIRA
9448,SIRA
408,SEKER
8262,SIRA
1608,SEKER
3080,BARBUNYA
5958,HOROZ
5800,HOROZ
9243,SIRA
9623,SIRA
8376,SIRA
8487,SIRA
4119,CALI
949,SEKER
4962,CALI
11873,DERMASON
3881,HOROZ
10765,DERMASON
5837,HOROZ
10366,DERMASON
4903,CALI
5920,HOROZ
13508,DERMASON
3563,BOMBAY
5909,HOROZ
1421,SEKER
12518,DERMASON
2791,BARBUNYA
819,SEKER
4706,CALI
8310,SIRA
11988,DERMASON
9329,SIRA
13463,SIRA
9164,SIRA
1285,SEKER
3576,BOMBAY
12374,DERMASON
2751,BARBUNYA
4965,CALI
1091,SEKER
6925,HOROZ
73,SEKER
8500,SIRA
3016,BARBUNYA
9921,SIRA
13277,DERMASON
12145,DERMASON
291,SEKER
7033,HOROZ
8211,SIRA
10115,DERMASON
2089,BARBUNYA
13405,DERMASON
1801,SEKER
12475,DERMASON
7534,SIRA
12636,DERMASON
6503,HOROZ
318,SEKER
6425,HOROZ
4489,CALI
10157,DERMASON
8362,SIRA
1825,SEKER
10770,DERMASON
11368,DERMASON
144,SEKER
13447,DERMASON
10196,DERMASON
4617,CALI
3448,BOMBAY
11446,DERMASON
6908,HOROZ
1830,SEKER
5931,HOROZ
85,SEKER
13571,SIRA
1219,SEKER
5910,HOROZ
10487,DERMASON
2453,BARBUNYA
8973,SIRA
9520,SIRA
5502,DERMASON
12014,DERMASON
594,SEKER
13000,DERMASON
10978,DERMASON
10098,DERMASON
10711,DERMASON
11885,DERMASON
13199,HOROZ
12755,DERMASON
9770,SIRA
61,SEKER
3693,BOMBAY
9626,SIRA
9717,SIRA
2501,BARBUNYA
10782,DERMASON
11253,DERMASON
12531,DERMASON
8798,SIRA
13504,SIRA
11452,DERMASON
2519,BARBUNYA
11029,DERMASON
958,SEKER
3387,BOMBAY
1513,SEKER
2290,BARBUNYA
4954,CALI
1479,SEKER
7132,HOROZ
10427,DERMASON
10788,DERMASON
11463,DERMASON
8268,SIRA
7582,DERMASON
7075,HOROZ
9357,SIRA
10285,DERMASON
12262,DERMASON
4536,CALI
7222,HOROZ
3616,BOMBAY
11477,DERMASON
10263,DERMASON
127,SEKER
8410,SIRA
10819,DERMASON
7782,SIRA
7807,SIRA
9121,SIRA
6624,SIRA
13183,DERMASON
6997,HOROZ
275,SEKER
5833,HOROZ
9554,SIRA
1272,SEKER
12164,DERMASON
10370,DERMASON
2470,BARBUNYA
7346,HOROZ
1897,SEKER
4747,CALI
12554,DERMASON
13363,SIRA
6417,HOROZ
8408,SIRA
715,SEKER
9581,SIRA
8423,SIRA
1118,SEKER
8514,SIRA
2473,BARBUNYA
4074,CALI
4604,CALI
2316,BARBUNYA
5406,CALI
5522,HOROZ
10530,DERMASON
6000,HOROZ
8040,SIRA
4475,CALI
4664,CALI
6392,HOROZ
10602,DERMASON
2991,CALI
12012,DERMASON
8431,SIRA
1864,SEKER
8048,SIRA
6611,HOROZ
10180,DERMASON
8290,SIRA
2864,BARBUNYA
13096,SIRA
733,SEKER
11355,DERMASON
10104,DERMASON
2457,BARBUNYA
4359,CALI
5038,CALI
4219,CALI
9636,SIRA
3455,BOMBAY
10199,DERMASON
5828,HOROZ
11844,DERMASON
3646,BOMBAY
6557,HOROZ
3898,SIRA
4639,CALI
7386,CALI
13570,SEKER
5937,HOROZ
6590,HOROZ
4101,CALI
12331,DERMASON
2820,BARBUNYA
6270,HOROZ
6569,HOROZ
13266,DERMASON
6784,HOROZ
7649,SIRA
5886,HOROZ
11879,DERMASON
9229,SIRA
1793,SEKER
1692,SEKER
3838,BOMBAY
11234,DERMASON
5787,HOROZ
493,SEKER
5477,CALI
157,SEKER
7852,SIRA
13352,SIRA
13323,DERMASON
2614,BARBUNYA
7746,SIRA
2287,BARBUNYA
9191,SIRA
9119,SIRA
965,SEKER
13256,DERMASON
7472,SIRA
2252,BARBUNYA
13582,SIRA
438,SEKER
11200,DERMASON
3461,BOMBAY
1614,SEKER
11720,DERMASON
4794,CALI
3213,BARBUNYA
6730,HOROZ
11898,DERMASON
12940,SIRA
756,SEKER
3547,BOMBAY
1090,SEKER
5610,HOROZ
5817,HOROZ
5076,CALI
3288,BARBUNYA
7998,SIRA
7893,SIRA
4600,CALI
9188,SIRA
8674,SIRA
12059,DERMASON
9023,SIRA
3991,CALI
4560,CALI
7506,DERMASON
1878,SEKER
13155,DERMASON
13389,SIRA
10910,DERMASON
1119,SEKER
13090,DERMASON
13120,DERMASON
8059,SIRA
3781,BOMBAY
4073,CALI
8900,SIRA
3425,BOMBAY
11095,DERMASON
4641,CALI
2631,BARBUNYA
1432,SEKER
7231,HOROZ
5493,CALI
2174,BARBUNYA
6860,HOROZ
2102,BARBUNYA
3611,BOMBAY
6127,HOROZ
3268,BARBUNYA
1934,SEKER
9895,SIRA
12788,DERMASON
7310,HOROZ
10052,CALI
5453,CALI
8883,SIRA
758,SIRA
11886,DERMASON
829,SEKER
4099,CALI
6824,HOROZ
8149,SIRA
2447,BARBUNYA
11866,DERMASON
11205,DERMASON
5511,DERMASON
5250,CALI
9928,SIRA
5220,CALI
9929,SIRA
3698,BOMBAY
5062,CALI
1459,SEKER
6329,HOROZ
13224,DERMASON
7771,DERMASON
4189,CALI
7316,HOROZ
3206,BARBUNYA
5434,CALI
7918,SIRA
8507,SIRA
134,SEKER
9515,SIRA
13515,SIRA
9375,SIRA
8420,SIRA
799,SEKER
11994,DERMASON
427,SEKER
11115,DERMASON
11006,DERMASON
11748,DERMASON
11437,DERMASON
9801,SIRA
12158,DERMASON
3378,BOMBAY
1255,SEKER
5674,HOROZ
7502,SIRA
4553,CALI
11569,DERMASON
2318,BARBUNYA
6912,HOROZ
12718,DERMASON
8391,SIRA
4502,CALI
12255,DERMASON
12333,DERMASON
6664,HOROZ
8289,SIRA
3375,BOMBAY
6554,HOROZ
6473,HOROZ
11071,DERMASON
3728,BOMBAY
12610,DERMASON
9412,SIRA
3021,BARBUNYA
10305,DERMASON
0,DERMASON
8654,SIRA
12213,DERMASON
7199,HOROZ
10087,DERMASON
6247,HOROZ
13556,SIRA
9896,SIRA
6545,HOROZ
10021,CALI
2928,BARBUNYA
7422,BARBUNYA
5612,HOROZ
11049,DERMASON
11655,DERMASON
2018,BARBUNYA
3289,BARBUNYA
3772,BOMBAY
11051,DERMASON
3886,CALI
6014,HOROZ
4520,CALI
3038,BARBUNYA
5932,HOROZ
5950,HOROZ
8963,SIRA
6560,HOROZ
8354,SIRA
4351,CALI
8498,SIRA
5306,CALI
5562,HOROZ
216,SEKER
4872,CALI
4315,CALI
10346,DERMASON
3601,BOMBAY
866,SEKER
12100,DERMASON
43,SEKER
17,SEKER
11159,DERMASON
8295,SIRA
1883,SEKER
8444,SIRA
9068,SIRA
10412,DERMASON
11369,DERMASON
11515,DERMASON
7344,HOROZ
7417,CALI
7840,SIRA
7146,HOROZ
5460,CALI
4702,CALI
12664,DERMASON
5456,CALI
259,SEKER
443,SEKER
8361,SIRA
4786,CALI
2884,BARBUNYA
532,SEKER
10926,DERMASON
4676,CALI
7760,DERMASON
